{
	"id": "3dd40788-6ce5-4892-8ea6-9403eb498b46",
	"name": "Production Environment",
	"values": [
		{
			"key": "PDF_SERVICE_URL",
			"value": "https://pdf-services.adobe.io",
			"type": "default",
			"enabled": true
		},
		{
			"key": "IDENTITY_URL",
			"value": "https://ims-na1.adobelogin.com",
			"type": "default",
			"enabled": true
		},
		{
			"key": "CLIENT_ID",
			"value": "",
			"type": "default",
			"enabled": true
		},
		{
			"key": "X_API_KEY",
			"value": "",
			"type": "default",
			"enabled": true
		},
		{
			"key": "CLIENT_SECRET",
			"value": "",
			"type": "default",
			"enabled": true
		},
		{
			"key": "JWT_TOKEN",
			"value": "",
			"type": "default",
			"enabled": true
		}
	],
	"_postman_variable_scope": "environment",
	"_postman_exported_at": "2022-11-22T11:00:38.162Z",
	"_postman_exported_using": "Postman/10.1.2"
}