{
	"info": {
		"_postman_id": "368b264e-0b90-4312-92b2-e129e57fd9c0",
		"name": "Export PDF with External Storage",
		"schema": "https://schema.getpostman.com/json/collection/v2.0.0/collection.json",
		"_exporter_id": "32543879"
	},
	"item": [
		{
			"name": "Get AccesssToken",
			"event": [
				{
					"listen": "test",
					"script": {
						"exec": [
							"const response = pm.response.json();",
							"const accessToken = \"bearer \" + response.access_token;",
							"pm.collectionVariables.set(\"Authorization\", accessToken);"
						],
						"type": "text/javascript"
					}
				}
			],
			"request": {
				"method": "POST",
				"header": [],
				"body": {
					"mode": "urlencoded",
					"urlencoded": [
						{
							"key": "client_id",
							"value": "{{CLIENT_ID}}",
							"type": "text"
						},
						{
							"key": "client_secret",
							"value": "{{CLIENT_SECRET}}",
							"type": "text"
						}
					]
				},
				"url": "{{PDF_SERVICE_URL}}/token"
			},
			"response": []
		},
		{
			"name": "Export PDF",
			"event": [
				{
					"listen": "test",
					"script": {
						"exec": [
							"var link = pm.response.headers.get(\"location\"); ",
							"pm.collectionVariables.set(\"StatusUrl\", link);",
							""
						],
						"type": "text/javascript",
						"packages": {}
					}
				}
			],
			"request": {
				"method": "POST",
				"header": [
					{
						"key": "Authorization",
						"value": "{{Authorization}}"
					},
					{
						"key": "x-api-key",
						"value": "{{X_API_KEY}}"
					},
					{
						"key": "Content-Type",
						"value": "application/json"
					},
					{
						"key": "",
						"value": "Platform%20PDF%20Service%20with%20External%20Storage%20Postman%20Collection.zip",
						"type": "text"
					}
				],
				"body": {
					"mode": "raw",
					"raw": "{\n    \"input\": {\n        \"uri\": \"{{InputSignedUrl}}\",\n        \"storage\": \"S3\"\n    },\n    \"output\": {\n        \"uri\": \"{{OutputSignedUrl}}\",\n        \"storage\": \"S3\"\n    },\n    \"params\": {\n        \"targetFormat\": \"docx\",\n        \"ocrLang\": \"en-US\"\n    },\n    {\n        \"input\": {\n            \"uri\": \"{{InputSignedUrl}}\",\n            \"storage\": \"S3\"\n        },\n        \"output\": {\n            \"uri\": \"{{OutputSignedUrl}}\",\n            \"storage\": \"S3\"\n        },\n        \"params\": {\n            \"splitoption\": {\n                \"pageRanges\": [\n                    {\n                        \"start\": 1,\n                        \"end\": 10\n                    }\n                ]\n            }\n        },\n        \"notifiers\": [\n            {\n                \"type\": \"CALLBACK\",\n                \"data\": {\n                    \"url\": \"https://dummy.callback.org/\",\n                    \"headers\": {\n                        \"x-api-key\": \"dummykey\",\n                        \"access-token\": \"dummytoken\"\n                    }\n                }\n            }\n        ]\n    }\n}"
				},
				"url": "{{PDF_SERVICE_URL}}/operation/exportpdf"
			},
			"response": []
		},
		{
			"name": "Check Status",
			"event": [
				{
					"listen": "prerequest",
					"script": {
						"exec": [
							""
						],
						"type": "text/javascript"
					}
				},
				{
					"listen": "test",
					"script": {
						"exec": [
							""
						],
						"type": "text/javascript"
					}
				}
			],
			"request": {
				"method": "GET",
				"header": [
					{
						"key": "Authorization",
						"value": "{{Authorization}}"
					},
					{
						"key": "x-api-key",
						"value": "{{X_API_KEY}}"
					},
					{
						"key": "Content-Type",
						"value": "application/json"
					}
				],
				"url": "{{StatusUrl}}"
			},
			"response": []
		}
	],
	"event": [
		{
			"listen": "prerequest",
			"script": {
				"type": "text/javascript",
				"exec": [
					""
				]
			}
		},
		{
			"listen": "test",
			"script": {
				"type": "text/javascript",
				"exec": [
					""
				]
			}
		}
	],
	"variable": [
		{
			"key": "Authorization",
			"value": ""
		},
		{
			"key": "StatusUrl",
			"value": ""
		}
	]
}