{
	"info": {
		"_postman_id": "c267fd3a-4052-474f-aaea-1e6be301e424",
		"name": "Combine PDF",
		"schema": "https://schema.getpostman.com/json/collection/v2.1.0/collection.json"
	},
	"item": [
		{
			"name": "Get AccesssToken",
			"event": [
				{
					"listen": "test",
					"script": {
						"exec": [
							"const response = pm.response.json();",
							"const accessToken = \"bearer \" + response.access_token;",
							"pm.collectionVariables.set(\"Authorization\", accessToken);"
						],
						"type": "text/javascript"
					}
				}
			],
			"request": {
				"method": "POST",
				"header": [],
				"body": {
					"mode": "urlencoded",
					"urlencoded": [
						{
							"key": "client_id",
							"value": "{{CLIENT_ID}}",
							"type": "text"
						},
						{
							"key": "client_secret",
							"value": "{{CLIENT_SECRET}}",
							"type": "text"
						}
					]
				},
				"url": {
					"raw": "{{PDF_SERVICE_URL}}/token",
					"host": [
						"{{PDF_SERVICE_URL}}"
					],
					"path": [
						"token"
					]
				}
			},
			"response": []
		},
		{
			"name": "Upload Presigned URL 1",
			"event": [
				{
					"listen": "prerequest",
					"script": {
						"exec": [
							""
						],
						"type": "text/javascript"
					}
				},
				{
					"listen": "test",
					"script": {
						"exec": [
							"const result = pm.response.json();",
							"const link = result.uploadUri;",
							"const assetId = result.assetID;",
							"pm.collectionVariables.set(\"UploadLink\", link);",
							"pm.collectionVariables.set(\"assetId1\", assetId);"
						],
						"type": "text/javascript"
					}
				}
			],
			"request": {
				"method": "POST",
				"header": [
					{
						"key": "X-API-Key",
						"value": "{{X_API_KEY}}",
						"type": "default"
					},
					{
						"key": "Authorization",
						"value": "{{Authorization}}",
						"type": "default"
					},
					{
						"key": "x-gw-ims-user-id",
						"value": "abc",
						"type": "default",
						"disabled": true
					}
				],
				"body": {
					"mode": "raw",
					"raw": "{\n    \"mediaType\":\"application/pdf\"\n}",
					"options": {
						"raw": {
							"language": "json"
						}
					}
				},
				"url": {
					"raw": "{{PDF_SERVICE_URL}}/assets",
					"host": [
						"{{PDF_SERVICE_URL}}"
					],
					"path": [
						"assets"
					]
				}
			},
			"response": []
		},
		{
			"name": "Upload Document 1",
			"request": {
				"method": "PUT",
				"header": [],
				"body": {
					"mode": "file",
					"file": {
						"src": ""
					}
				},
				"url": {
					"raw": "{{UploadLink}}",
					"host": [
						"{{UploadLink}}"
					]
				}
			},
			"response": []
		},
		{
			"name": "Upload Presigned URL 2",
			"event": [
				{
					"listen": "prerequest",
					"script": {
						"exec": [
							""
						],
						"type": "text/javascript"
					}
				},
				{
					"listen": "test",
					"script": {
						"exec": [
							"const result = pm.response.json();",
							"const link = result.uploadUri;",
							"const assetId = result.assetID;",
							"pm.collectionVariables.set(\"UploadLink\", link);",
							"pm.collectionVariables.set(\"assetId2\", assetId);"
						],
						"type": "text/javascript"
					}
				}
			],
			"request": {
				"method": "POST",
				"header": [
					{
						"key": "X-API-Key",
						"value": "{{X_API_KEY}}",
						"type": "default"
					},
					{
						"key": "Authorization",
						"value": "{{Authorization}}",
						"type": "default"
					},
					{
						"key": "x-gw-ims-user-id",
						"value": "abc",
						"type": "default",
						"disabled": true
					}
				],
				"body": {
					"mode": "raw",
					"raw": "{\n    \"mediaType\":\"application/pdf\"\n}",
					"options": {
						"raw": {
							"language": "json"
						}
					}
				},
				"url": {
					"raw": "{{PDF_SERVICE_URL}}/assets",
					"host": [
						"{{PDF_SERVICE_URL}}"
					],
					"path": [
						"assets"
					]
				}
			},
			"response": []
		},
		{
			"name": "Upload Document 2",
			"request": {
				"method": "PUT",
				"header": [],
				"body": {
					"mode": "file",
					"file": {
						"src": ""
					}
				},
				"url": {
					"raw": "{{UploadLink}}",
					"host": [
						"{{UploadLink}}"
					]
				}
			},
			"response": []
		},
		{
			"name": "Combine PDF",
			"event": [
				{
					"listen": "test",
					"script": {
						"exec": [
							"var link = pm.response.headers.get(\"location\"); ",
							"pm.collectionVariables.set(\"StatusUrl\", link);",
							""
						],
						"type": "text/javascript"
					}
				}
			],
			"request": {
				"method": "POST",
				"header": [
					{
						"key": "Authorization",
						"value": "{{Authorization}}"
					},
					{
						"key": "x-api-key",
						"value": "{{X_API_KEY}}"
					},
					{
						"key": "Content-Type",
						"value": "application/json"
					}
				],
				"body": {
					"mode": "raw",
					"raw": "{\n  \"assets\": [\n    {\n      \"assetID\": \"{{assetId1}}\",\n      \"pageRanges\": []\n    },\n    {\n      \"assetID\": \"{{assetId2}}\",\n      \"pageRanges\": []\n    }\n  ]\n}"
				},
				"url": {
					"raw": "{{PDF_SERVICE_URL}}/operation/combinepdf/",
					"host": [
						"{{PDF_SERVICE_URL}}"
					],
					"path": [
						"operation",
						"combinepdf",
						""
					]
				}
			},
			"response": []
		},
		{
			"name": "Check Status",
			"event": [
				{
					"listen": "prerequest",
					"script": {
						"exec": [
							""
						],
						"type": "text/javascript"
					}
				},
				{
					"listen": "test",
					"script": {
						"exec": [
							"var responseCode = pm.response.code;",
							"var status = pm.response.json().status;",
							"if (responseCode == 200 && status == 'done') {",
							"    pm.collectionVariables.set(\"DownloadUrl\", pm.response.json().asset.downloadUri)",
							"}"
						],
						"type": "text/javascript"
					}
				}
			],
			"request": {
				"method": "GET",
				"header": [
					{
						"key": "Authorization",
						"value": "{{Authorization}}"
					},
					{
						"key": "x-api-key",
						"value": "{{X_API_KEY}}"
					},
					{
						"key": "Content-Type",
						"value": "application/json"
					}
				],
				"url": {
					"raw": "{{StatusUrl}}",
					"host": [
						"{{StatusUrl}}"
					]
				}
			},
			"response": []
		},
		{
			"name": "Download Document",
			"request": {
				"method": "GET",
				"header": [],
				"url": {
					"raw": "{{DownloadUrl}}",
					"host": [
						"{{DownloadUrl}}"
					]
				}
			},
			"response": []
		}
	],
	"event": [
		{
			"listen": "prerequest",
			"script": {
				"type": "text/javascript",
				"exec": [
					""
				]
			}
		},
		{
			"listen": "test",
			"script": {
				"type": "text/javascript",
				"exec": [
					""
				]
			}
		}
	],
	"variable": [
		{
			"key": "Authorization",
			"value": ""
		},
		{
			"key": "UploadLink",
			"value": ""
		},
		{
			"key": "assetId",
			"value": ""
		},
		{
			"key": "asset_id",
			"value": ""
		},
		{
			"key": "StatusUrl",
			"value": ""
		},
		{
			"key": "DownloadUrl",
			"value": ""
		},
		{
			"key": "assetId1",
			"value": ""
		},
		{
			"key": "assetId2",
			"value": ""
		}
	]
}