{
	"info": {
		"_postman_id": "d7fc6053-4e7e-45c5-b617-5c056992dadc",
		"name": "Set Form (Import PDF Form Data)",
		"schema": "https://schema.getpostman.com/json/collection/v2.1.0/collection.json",
		"_exporter_id": "15742166"
	},
	"item": [
		{
			"name": "Set Form",
			"event": [
				{
					"listen": "test",
					"script": {
						"exec": [
							"var link = pm.response.headers.get(\"location\"); ",
							"pm.collectionVariables.set(\"StatusUrl\", link);",
							""
						],
						"type": "text/javascript",
						"packages": {}
					}
				}
			],
			"request": {
				"method": "POST",
				"header": [
					{
						"key": "Authorization",
						"value": "{{Authorization}}"
					},
					{
						"key": "x-api-key",
						"value": "{{X_API_KEY}}"
					},
					{
						"key": "Content-Type",
						"value": "application/json"
					},
					{
						"key": "x-gw-ims-client-id",
						"value": "{{X_API_KEY}}",
						"type": "text"
					},
					{
						"key": "x-gw-ims-user-id",
						"value": "{{X_API_KEY}}",
						"type": "text"
					}
				],
				"body": {
					"mode": "raw",
					"raw": "{\n\"assetID\": \"{{assetId}}\",\n\"jsonFormFieldsData\" : {\n        \"topmostSubform[0]\": {\n              \"Page3[0]\": {\n                \"f3_06[0]\": \"testing\",\n                \"f3_11[0]\": \"test\",\n                \"f3_02[0]\": \"\",\n                \"f3_01[0]\": \"test\",\n                \"f3_10[0]\": \"\",\n                \"f3_09[0]\": \"\",\n                \"f3_03[0]\": \"\",\n                \"f3_04[0]\": \"\",\n                \"f3_05[0]\": \"\",\n                \"f3_08[0]\": \"\",\n                \"f3_07[0]\": \"\"\n              },\n              \"Page1[0]\": {\n                \"f1_14[0]\": \"\",\n                \"Step1a[0]\": {\n                  \"f1_02[0]\": \"test\",\n                  \"f1_01[0]\": \"test\",\n                  \"f1_04[0]\": \"test\",\n                  \"f1_03[0]\": \"test\"\n                },\n                \"f1_15[0]\": \"test\",\n                \"f1_13[0]\": \"\",\n                \"f1_12[0]\": \"\",\n                \"f1_05[0]\": \"test\",\n                \"f1_09[0]\": \"\",\n                \"c1_1[0]\": \"1\",\n                \"Step3_ReadOrder[0]\": {\n                  \"f1_07[0]\": \"\",\n                  \"f1_06[0]\": \"\"\n                },\n                \"f1_10[0]\": \"test\",\n                \"f1_11[0]\": \"\",\n                \"c1_2[0]\": \"Off\",\n                \"c1_1[2]\": \"Off\",\n                \"c1_1[1]\": \"Off\"\n              }\n            }\n    },\n    \"notifiers\": [\n        {\n            \"type\": \"CALLBACK\",\n            \"data\": {\n                \"url\": \"https://eow888zpom8gllh.m.pipedream.net\",\n                \"headers\": {\n                    \"x-api\": \"gvh\"\n                }\n            }\n        }\n    ]\n}"
				},
				"url": {
					"raw": "{{PDF_SERVICE_URL}}/operation/setformdata",
					"host": [
						"{{PDF_SERVICE_URL}}"
					],
					"path": [
						"operation",
						"setformdata"
					]
				}
			},
			"response": []
		},
		{
			"name": "Get AccesssToken",
			"event": [
				{
					"listen": "test",
					"script": {
						"exec": [
							"const response = pm.response.json();",
							"const accessToken = \"bearer \" + response.access_token;",
							"pm.collectionVariables.set(\"Authorization\", accessToken);"
						],
						"type": "text/javascript",
						"packages": {}
					}
				}
			],
			"request": {
				"method": "POST",
				"header": [],
				"body": {
					"mode": "urlencoded",
					"urlencoded": [
						{
							"key": "client_id",
							"value": "{{CLIENT_ID_BETA}}",
							"type": "text"
						},
						{
							"key": "client_secret",
							"value": "{{CLIENT_SECRET_BETA}}",
							"type": "text"
						}
					]
				},
				"url": {
					"raw": "{{PDF_SERVICE_URL}}/token",
					"host": [
						"{{PDF_SERVICE_URL}}"
					],
					"path": [
						"token"
					]
				}
			},
			"response": []
		},
		{
			"name": "Upload Document",
			"request": {
				"method": "PUT",
				"header": [],
				"body": {
					"mode": "file",
					"file": {
						"src": "/Users/sagarwal/Desktop/fw4_AcroForm.pdf"
					}
				},
				"url": {
					"raw": "{{UploadLink}}",
					"host": [
						"{{UploadLink}}"
					]
				}
			},
			"response": []
		},
		{
			"name": "Upload Presigned URL",
			"event": [
				{
					"listen": "prerequest",
					"script": {
						"exec": [
							""
						],
						"type": "text/javascript"
					}
				},
				{
					"listen": "test",
					"script": {
						"exec": [
							"const result = pm.response.json();",
							"const link = result.uploadUri;",
							"const assetId = result.assetID;",
							"pm.collectionVariables.set(\"UploadLink\", link);",
							"pm.collectionVariables.set(\"assetId\", assetId);"
						],
						"type": "text/javascript"
					}
				}
			],
			"request": {
				"method": "POST",
				"header": [
					{
						"key": "X-API-Key",
						"value": "{{X_API_KEY}}",
						"type": "default"
					},
					{
						"key": "Authorization",
						"value": "{{Authorization}}",
						"type": "default"
					},
					{
						"key": "x-gw-ims-user-id",
						"value": "abc",
						"type": "default",
						"disabled": true
					}
				],
				"body": {
					"mode": "raw",
					"raw": "{\n    \"mediaType\":\"application/pdf\"\n}",
					"options": {
						"raw": {
							"language": "json"
						}
					}
				},
				"url": {
					"raw": "{{PDF_SERVICE_URL}}/assets",
					"host": [
						"{{PDF_SERVICE_URL}}"
					],
					"path": [
						"assets"
					]
				}
			},
			"response": []
		},
		{
			"name": "Check Status",
			"event": [
				{
					"listen": "prerequest",
					"script": {
						"exec": [
							""
						],
						"type": "text/javascript",
						"packages": {}
					}
				},
				{
					"listen": "test",
					"script": {
						"exec": [
							"var responseCode = pm.response.code;",
							"var status = pm.response.json().status;",
							"if (responseCode == 200 && status == 'done') {",
							"    pm.collectionVariables.set(\"DownloadAssetUri\", pm.response.json().asset.downloadUri)",
							"}"
						],
						"type": "text/javascript",
						"packages": {}
					}
				}
			],
			"request": {
				"method": "GET",
				"header": [
					{
						"key": "Authorization",
						"value": "{{Authorization}}"
					},
					{
						"key": "x-api-key",
						"value": "{{X_API_KEY}}"
					},
					{
						"key": "Content-Type",
						"value": "application/json"
					},
					{
						"key": "x-gw-ims-user-id",
						"value": "{{X_API_KEY}}",
						"type": "text"
					},
					{
						"key": "x-gw-ims-client-id",
						"value": "{{X_API_KEY}}",
						"type": "text"
					}
				],
				"url": {
					"raw": "{{StatusUrl}}",
					"host": [
						"{{StatusUrl}}"
					]
				}
			},
			"response": []
		},
		{
			"name": "Download Asset",
			"request": {
				"method": "GET",
				"header": [],
				"url": {
					"raw": "{{DownloadAssetUri}}",
					"host": [
						"{{DownloadAssetUri}}"
					]
				}
			},
			"response": []
		}
	],
	"variable": [
		{
			"key": "token",
			"value": ""
		},
		{
			"key": "Authorization",
			"value": ""
		},
		{
			"key": "StatusUrl",
			"value": ""
		},
		{
			"key": "UploadLink",
			"value": ""
		},
		{
			"key": "assetId",
			"value": ""
		},
		{
			"key": "DownloadAssetUri",
			"value": ""
		}
	]
}