{
	"info": {
		"_postman_id": "d7fc6053-4e7e-45c5-b617-5c056992dadc",
		"name": "Set Form (Import PDF Form Data)",
		"schema": "https://schema.getpostman.com/json/collection/v2.1.0/collection.json",
		"_exporter_id": "15742166"
	},
	"item": [
		{
			"name": "Get AccesssToken",
			"event": [
				{
					"listen": "test",
					"script": {
						"exec": [
							"const response = pm.response.json();",
							"const accessToken = \"bearer \" + response.access_token;",
							"pm.collectionVariables.set(\"Authorization\", accessToken);"
						],
						"type": "text/javascript"
					}
				}
			],
			"request": {
				"method": "POST",
				"header": [],
				"body": {
					"mode": "urlencoded",
					"urlencoded": [
						{
							"key": "client_id",
							"value": "{{CLIENT_ID}}",
							"type": "text"
						},
						{
							"key": "client_secret",
							"value": "{{CLIENT_SECRET}}",
							"type": "text"
						}
					]
				},
				"url": {
					"raw": "{{PDF_SERVICE_URL}}/token",
					"host": [
						"{{PDF_SERVICE_URL}}"
					],
					"path": [
						"token"
					]
				}
			},
			"response": []
		},
		{
			"name": "Upload Presigned URL",
			"event": [
				{
					"listen": "prerequest",
					"script": {
						"exec": [
							""
						],
						"type": "text/javascript"
					}
				},
				{
					"listen": "test",
					"script": {
						"exec": [
							"const result = pm.response.json();",
							"const link = result.uploadUri;",
							"const assetId = result.assetID;",
							"pm.collectionVariables.set(\"UploadLink\", link);",
							"pm.collectionVariables.set(\"assetId\", assetId);"
						],
						"type": "text/javascript"
					}
				}
			],
			"request": {
				"method": "POST",
				"header": [
					{
						"key": "X-API-Key",
						"value": "{{X_API_KEY}}",
						"type": "default"
					},
					{
						"key": "Authorization",
						"value": "{{Authorization}}",
						"type": "default"
					},
					{
						"key": "x-gw-ims-user-id",
						"value": "abc",
						"type": "default",
						"disabled": true
					}
				],
				"body": {
					"mode": "raw",
					"raw": "{\n    \"mediaType\":\"application/pdf\"\n}",
					"options": {
						"raw": {
							"language": "json"
						}
					}
				},
				"url": {
					"raw": "{{PDF_SERVICE_URL}}/assets",
					"host": [
						"{{PDF_SERVICE_URL}}"
					],
					"path": [
						"assets"
					]
				}
			},
			"response": []
		},
		{
			"name": "Upload Document",
			"request": {
				"method": "PUT",
				"header": [],
				"body": {
					"mode": "file",
					"file": {
						"src": "/Users/sagarwal/Desktop/fw4_AcroForm.pdf"
					}
				},
				"url": {
					"raw": "{{UploadLink}}",
					"host": [
						"{{UploadLink}}"
					]
				}
			},
			"response": []
		},
		{
			"name": "Set Form",
			"event": [
				{
					"listen": "test",
					"script": {
						"exec": [
							"var link = pm.response.headers.get(\"location\"); ",
							"pm.collectionVariables.set(\"StatusUrl\", link);",
							""
						],
						"type": "text/javascript"
					}
				}
			],
			"request": {
				"method": "POST",
				"header": [
					{
						"key": "Authorization",
						"value": "{{Authorization}}"
					},
					{
						"key": "x-api-key",
						"value": "{{X_API_KEY}}"
					},
					{
						"key": "Content-Type",
						"value": "application/json"
					}
				],
				"body": {
					"mode": "raw",
					"raw": "{\n  \"assetID\": \"{{assetId}}\",\n  \"jsonFormFieldsData\": {\n      \"dob\": \"10/10/1989\",\n      \"billTo\": {\n        \"zip\": \"12401\",\n        \"address\": {\n          \"line\": {\n            \"1\": \"132\",\n            \"2\": \"My Street\"\n          }\n        },\n        \"city\": \"Kingston\",\n        \"state\": \"New York\"\n      },\n      \"name\": {\n        \"middle\": \"\",\n        \"last\": \"Smith\",\n        \"first\": \"John\"\n      },\n      \"age\": \"34\"\n    }\n}"
				  },
				"url": {
					"raw": "{{PDF_SERVICE_URL}}/operation/setformdata",
					"host": [
						"{{PDF_SERVICE_URL}}"
					],
					"path": [
						"operation",
						"setformdata"
					]
				}
			},
			"response": []
		},
		{
			"name": "Check Status",
			"event": [
				{
					"listen": "prerequest",
					"script": {
						"exec": [
							""
						],
						"type": "text/javascript",
						"packages": {}
					}
				},
				{
					"listen": "test",
					"script": {
						"exec": [
							"var responseCode = pm.response.code;",
							"var status = pm.response.json().status;",
							"if (responseCode == 200 && status == 'done') {",
							"    pm.collectionVariables.set(\"DownloadUrl\", pm.response.json().asset.downloadUri)",
							"}"
						],
						"type": "text/javascript"
					}
				}
			],
			"request": {
				"method": "GET",
				"header": [
					{
						"key": "Authorization",
						"value": "{{Authorization}}"
					},
					{
						"key": "x-api-key",
						"value": "{{X_API_KEY}}"
					},
					{
						"key": "Content-Type",
						"value": "application/json"
					}
				],
				"url": {
					"raw": "{{StatusUrl}}",
					"host": [
						"{{StatusUrl}}"
					]
				}
			},
			"response": []
		},
		{
			"name": "Download Document",
			"request": {
				"method": "GET",
				"header": [],
				"url": {
					"raw": "{{DownloadUrl}}",
					"host": [
						"{{DownloadUrl}}"
					]
				}
			},
			"response": []
		}
	],
	"variable": [
		{
			"key": "token",
			"value": ""
		},
		{
			"key": "Authorization",
			"value": ""
		},
		{
			"key": "StatusUrl",
			"value": ""
		},
		{
			"key": "UploadLink",
			"value": ""
		},
		{
			"key": "assetId",
			"value": ""
		},
		{
			"key": "DownloadAssetUri",
			"value": ""
		}
	]
}