{
	"id": "7a5560ea-8e68-4903-87ba-0223955853e9",
	"name": "Acrobat Services Environment for External Storage",
	"values": [
		{
			"key": "PDF_SERVICE_URL",
			"value": "https://pdf-services.adobe.io",
			"type": "default",
			"enabled": true
		},
		{
			"key": "CLIENT_ID",
			"value": "",
			"type": "default",
			"enabled": true
		},
		{
			"key": "X_API_KEY",
			"value": "",
			"type": "default",
			"enabled": true
		},
		{
			"key": "CLIENT_SECRET",
			"value": "",
			"type": "default",
			"enabled": true
		}
	],
	"_postman_variable_scope": "environment",
	"_postman_exported_at": "2023-09-15T09:01:57.455Z",
	"_postman_exported_using": "Postman/10.17.3"
}