{
	"info": {
		"_postman_id": "f6a3b845-3a98-4edf-a38f-37cc3a18571f",
		"name": "Combine PDF with External Storage",
		"schema": "https://schema.getpostman.com/json/collection/v2.1.0/collection.json",
		"_exporter_id": "19228632"
	},
	"item": [
		{
			"name": "Get AccesssToken",
			"event": [
				{
					"listen": "test",
					"script": {
						"exec": [
							"const response = pm.response.json();",
							"const accessToken = \"bearer \" + response.access_token;",
							"pm.collectionVariables.set(\"Authorization\", accessToken);"
						],
						"type": "text/javascript"
					}
				}
			],
			"request": {
				"method": "POST",
				"header": [],
				"body": {
					"mode": "urlencoded",
					"urlencoded": [
						{
							"key": "client_id",
							"value": "{{CLIENT_ID}}",
							"type": "text"
						},
						{
							"key": "client_secret",
							"value": "{{CLIENT_SECRET}}",
							"type": "text"
						}
					]
				},
				"url": {
					"raw": "{{PDF_SERVICE_URL}}/token",
					"host": [
						"{{PDF_SERVICE_URL}}"
					],
					"path": [
						"token"
					]
				}
			},
			"response": []
		},
		{
			"name": "Combine PDF",
			"event": [
				{
					"listen": "test",
					"script": {
						"exec": [
							"var link = pm.response.headers.get(\"location\"); ",
							"pm.collectionVariables.set(\"StatusUrl\", link);",
							""
						],
						"type": "text/javascript"
					}
				}
			],
			"request": {
				"method": "POST",
				"header": [
					{
						"key": "Authorization",
						"value": "{{Authorization}}"
					},
					{
						"key": "x-api-key",
						"value": "{{X_API_KEY}}"
					},
					{
						"key": "Content-Type",
						"value": "application/json"
					}
				],
				"body": {
					"mode": "raw",
					"raw": "{\n    \"inputs\" :[\n    {\n    \"input\" : {\n    \"uri\": \"{{InputSignedUrl1}}\",\n    \"storage\": \"S3\"\n    },\n    \"pageRanges\": [\n    {\n    \"start\": 1,\n    \"end\": 3\n    },\n    {\n    \"start\": 4,\n    \"end\":5\n    }\n    ]\n    },\n    {\n    \"input\" :{\n    \"uri\": \"{{InputSignedUrl2}}\",\n    \"storage\": \"DROPBOX\"\n    }\n    }\n    ],\n    \"output\": {\n    \"uri\": {{OutputSignedUrl}},\n    \"storage\": \"BLOB\"\n    }\n}"
				},
				"url": {
					"raw": "{{PDF_SERVICE_URL}}/operation/combinepdf/",
					"host": [
						"{{PDF_SERVICE_URL}}"
					],
					"path": [
						"operation",
						"combinepdf",
						""
					]
				}
			},
			"response": []
		},
		{
			"name": "Check Status",
			"event": [
				{
					"listen": "prerequest",
					"script": {
						"exec": [
							""
						],
						"type": "text/javascript"
					}
				},
				{
					"listen": "test",
					"script": {
						"exec": [
							""
						],
						"type": "text/javascript"
					}
				}
			],
			"request": {
				"method": "GET",
				"header": [
					{
						"key": "Authorization",
						"value": "{{Authorization}}"
					},
					{
						"key": "x-api-key",
						"value": "{{X_API_KEY}}"
					},
					{
						"key": "Content-Type",
						"value": "application/json"
					}
				],
				"url": {
					"raw": "{{StatusUrl}}",
					"host": [
						"{{StatusUrl}}"
					]
				}
			},
			"response": []
		}
	],
	"event": [
		{
			"listen": "prerequest",
			"script": {
				"type": "text/javascript",
				"exec": [
					""
				]
			}
		},
		{
			"listen": "test",
			"script": {
				"type": "text/javascript",
				"exec": [
					""
				]
			}
		}
	],
	"variable": [
		{
			"key": "Authorization",
			"value": ""
		},
		{
			"key": "UploadLink",
			"value": ""
		},
		{
			"key": "assetId",
			"value": ""
		},
		{
			"key": "asset_id",
			"value": ""
		},
		{
			"key": "StatusUrl",
			"value": ""
		},
		{
			"key": "DownloadUrl",
			"value": ""
		},
		{
			"key": "assetId1",
			"value": ""
		},
		{
			"key": "assetId2",
			"value": ""
		}
	]
}