{
	"info": {
		"_postman_id": "688f24ee-55bf-4fa9-b734-06070ece27b5",
		"name": "Document Generation With External Storage",
		"schema": "https://schema.getpostman.com/json/collection/v2.1.0/collection.json",
		"_exporter_id": "19228632"
	},
	"item": [
		{
			"name": "Get AccesssToken",
			"event": [
				{
					"listen": "test",
					"script": {
						"exec": [
							"const response = pm.response.json();",
							"const accessToken = \"bearer \" + response.access_token;",
							"pm.collectionVariables.set(\"Authorization\", accessToken);"
						],
						"type": "text/javascript"
					}
				}
			],
			"request": {
				"method": "POST",
				"header": [],
				"body": {
					"mode": "urlencoded",
					"urlencoded": [
						{
							"key": "client_id",
							"value": "{{CLIENT_ID}}",
							"type": "text"
						},
						{
							"key": "client_secret",
							"value": "{{CLIENT_SECRET}}",
							"type": "text"
						}
					]
				},
				"url": {
					"raw": "{{PDF_SERVICE_URL}}/token",
					"host": [
						"{{PDF_SERVICE_URL}}"
					],
					"path": [
						"token"
					]
				}
			},
			"response": []
		},
		{
			"name": "Document Generation",
			"event": [
				{
					"listen": "test",
					"script": {
						"exec": [
							"var link = pm.response.headers.get(\"location\"); ",
							"pm.collectionVariables.set(\"StatusUrl\", link);",
							""
						],
						"type": "text/javascript"
					}
				}
			],
			"request": {
				"method": "POST",
				"header": [
					{
						"key": "Authorization",
						"value": "{{Authorization}}"
					},
					{
						"key": "x-api-key",
						"value": "{{X_API_KEY}}"
					}
				],
				"body": {
					"mode": "raw",
					"raw": "{\n  \"input\": {\n    \"uri\": \"{{InputSignedUrl}}\",\n    \"storage\": \"SHAREPOINT\"\n  },\n  \"output\": {\n    \"uri\": \"{{OutputSignedUrl}}\",\n    \"storage\": \"SHAREPOINT\"\n  },\n  \"params\": {\n    \"outputFormat\": \"pdf\",\n    \"jsonDataForMerge\": {\n      \"customerName\": \"Kane Miller\",\n      \"customerVisits\": 100,\n      \"itemsBought\": [\n        {\n          \"name\": \"Sprays\",\n          \"quantity\": 50,\n          \"amount\": 100\n        },\n        {\n          \"name\": \"Chemicals\",\n          \"quantity\": 100,\n          \"amount\": 200\n        }\n      ],\n      \"totalAmount\": 300,\n      \"previousBalance\": 50,\n      \"lastThreeBillings\": [\n        100,\n        200,\n        300\n      ],\n      \"photograph\": \"data:image/png;base64,iVBORw0KGgoAAAANSUhEUgAAAAEAAAABCAQAAAC1HAwCAAAAC0lEQVR42mP88h8AAu0B9XNPCQQAAAAASUVORK5CYII=\"\n    }\n  }\n}",
					"options": {
						"raw": {
							"language": "json"
						}
					}
				},
				"url": {
					"raw": "{{PDF_SERVICE_URL}}/operation/documentgeneration",
					"host": [
						"{{PDF_SERVICE_URL}}"
					],
					"path": [
						"operation",
						"documentgeneration"
					]
				}
			},
			"response": []
		},
		{
			"name": "Check Status",
			"event": [
				{
					"listen": "test",
					"script": {
						"exec": [
							""
						],
						"type": "text/javascript"
					}
				},
				{
					"listen": "prerequest",
					"script": {
						"exec": [
							""
						],
						"type": "text/javascript"
					}
				}
			],
			"request": {
				"method": "GET",
				"header": [
					{
						"key": "Authorization",
						"value": "{{Authorization}}"
					},
					{
						"key": "x-api-key",
						"value": "{{X_API_KEY}}"
					},
					{
						"key": "Content-Type",
						"value": "application/json"
					}
				],
				"url": {
					"raw": "{{StatusUrl}}",
					"host": [
						"{{StatusUrl}}"
					]
				}
			},
			"response": []
		}
	],
	"variable": [
		{
			"key": "Authorization",
			"value": ""
		},
		{
			"key": "UploadLink",
			"value": ""
		},
		{
			"key": "assetId",
			"value": ""
		},
		{
			"key": "asset_id",
			"value": ""
		},
		{
			"key": "StatusUrl",
			"value": ""
		},
		{
			"key": "DownloadUrl",
			"value": ""
		}
	]
}