{
	"info": {
		"_postman_id": "c190c1a1-99b4-4c50-8fa1-eb6944753ad4",
		"name": "PDF To Images With External Storage",
		"schema": "https://schema.getpostman.com/json/collection/v2.1.0/collection.json",
		"_exporter_id": "19228632"
	},
	"item": [
		{
			"name": "Get AccesssToken",
			"event": [
				{
					"listen": "test",
					"script": {
						"exec": [
							"const response = pm.response.json();",
							"const accessToken = \"bearer \" + response.access_token;",
							"pm.collectionVariables.set(\"Authorization\", accessToken);"
						],
						"type": "text/javascript"
					}
				}
			],
			"request": {
				"method": "POST",
				"header": [],
				"body": {
					"mode": "urlencoded",
					"urlencoded": [
						{
							"key": "client_id",
							"value": "{{CLIENT_ID}}",
							"type": "text"
						},
						{
							"key": "client_secret",
							"value": "{{CLIENT_SECRET}}",
							"type": "text"
						}
					]
				},
				"url": {
					"raw": "{{PDF_SERVICE_URL}}/token",
					"host": [
						"{{PDF_SERVICE_URL}}"
					],
					"path": [
						"token"
					]
				}
			},
			"response": []
		},
		{
			"name": "PDF To Images",
			"event": [
				{
					"listen": "test",
					"script": {
						"exec": [
							"var link = pm.response.headers.get(\"location\"); ",
							"pm.collectionVariables.set(\"StatusUrl\", link);",
							""
						],
						"type": "text/javascript"
					}
				}
			],
			"request": {
				"method": "POST",
				"header": [
					{
						"key": "Authorization",
						"value": "{{Authorization}}"
					},
					{
						"key": "x-api-key",
						"value": "{{X_API_KEY}}"
					},
					{
						"key": "Content-Type",
						"value": "application/json"
					}
				],
				"body": {
					"mode": "raw",
					"raw": "{\n  \"input\": {\n    \"uri\": \"{{InputSignedUrl}}\",\n    \"storage\": \"S3\"\n  },\n  \"output\": {\n    \"uri\": \"{{OutputSignedUrl}}\",\n    \"storage\": \"S3\"\n  },\n  \"params\": {\n    \"targetFormat\": \"jpeg\"\n  }\n}"
				},
				"url": {
					"raw": "{{PDF_SERVICE_URL}}/operation/pdftoimages",
					"host": [
						"{{PDF_SERVICE_URL}}"
					],
					"path": [
						"operation",
						"pdftoimages"
					]
				}
			},
			"response": []
		},
		{
			"name": "Check Status",
			"event": [
				{
					"listen": "prerequest",
					"script": {
						"exec": [
							""
						],
						"type": "text/javascript"
					}
				},
				{
					"listen": "test",
					"script": {
						"exec": [
							"var responseCode = pm.response.code;",
							"var status = pm.response.json().status;",
							"if (responseCode == 200 && status == 'done') {",
							"    var response = pm.response.json();",
							"    const downloadLink = \"DownloadUrl\";",
							"    var link;",
							"    for (let i=0; i<response.assetList.length; i++) {",
							"        link = downloadLink + i;",
							"        pm.collectionVariables.set(link, response.assetList[i].downloadUri);",
							"        pm.sendRequest( response.assetList[i].downloadUri);",
							"    }",
							"}"
						],
						"type": "text/javascript"
					}
				}
			],
			"request": {
				"method": "GET",
				"header": [
					{
						"key": "Authorization",
						"value": "{{Authorization}}"
					},
					{
						"key": "x-api-key",
						"value": "{{X_API_KEY}}"
					},
					{
						"key": "Content-Type",
						"value": "application/json"
					}
				],
				"url": {
					"raw": "{{StatusUrl}}",
					"host": [
						"{{StatusUrl}}"
					]
				}
			},
			"response": []
		}
	],
	"variable": [
		{
			"key": "Authorization",
			"value": ""
		},
		{
			"key": "UploadLink",
			"value": ""
		},
		{
			"key": "assetId",
			"value": ""
		},
		{
			"key": "asset_id",
			"value": ""
		},
		{
			"key": "StatusUrl",
			"value": ""
		},
		{
			"key": "DownloadUrl",
			"value": ""
		},
		{
			"key": "downloadLink0",
			"value": ""
		},
		{
			"key": "downloadLink1",
			"value": ""
		},
		{
			"key": "downloadLink2",
			"value": ""
		},
		{
			"key": "downloadLink3",
			"value": ""
		},
		{
			"key": "downloadLink4",
			"value": ""
		},
		{
			"key": "downloadLink5",
			"value": ""
		},
		{
			"key": "downloadLink6",
			"value": ""
		},
		{
			"key": "downloadLink7",
			"value": ""
		},
		{
			"key": "downloadLink8",
			"value": ""
		},
		{
			"key": "downloadLink9",
			"value": ""
		},
		{
			"key": "DownloadUrl1",
			"value": ""
		},
		{
			"key": "DownloadUrl0",
			"value": ""
		}
	]
}