{
	"info": {
		"_postman_id": "182664a1-6d99-4b5c-830f-a1a2c5bf6eef",
		"name": "Document Generation",
		"schema": "https://schema.getpostman.com/json/collection/v2.1.0/collection.json",
		"_exporter_id": "24281872"
	},
	"item": [
		{
			"name": "Get AccesssToken",
			"event": [
				{
					"listen": "test",
					"script": {
						"exec": [
							"const response = pm.response.json();",
							"const accessToken = \"bearer \" + response.access_token;",
							"pm.collectionVariables.set(\"Authorization\", accessToken);"
						],
						"type": "text/javascript"
					}
				}
			],
			"request": {
				"method": "POST",
				"header": [],
				"body": {
					"mode": "formdata",
					"formdata": [
						{
							"key": "client_id",
							"value": "{{client_id}}",
							"type": "text"
						},
						{
							"key": "client_secret",
							"value": "{{client_secret}}",
							"type": "text"
						},
						{
							"key": "jwt_token",
							"value": "{{jwt_token}}",
							"type": "text"
						}
					]
				},
				"url": {
					"raw": "{{IdentityURL}}/ims/exchange/jwt/",
					"host": [
						"{{IdentityURL}}"
					],
					"path": [
						"ims",
						"exchange",
						"jwt",
						""
					]
				}
			},
			"response": []
		},
		{
			"name": "Upload Presigned URL",
			"event": [
				{
					"listen": "prerequest",
					"script": {
						"exec": [
							""
						],
						"type": "text/javascript"
					}
				},
				{
					"listen": "test",
					"script": {
						"exec": [
							"const result = pm.response.json();",
							"const link = result.uploadUri;",
							"const assetId = result.assetID;",
							"pm.collectionVariables.set(\"UploadLink\", link);",
							"pm.collectionVariables.set(\"assetId\", assetId);"
						],
						"type": "text/javascript"
					}
				}
			],
			"request": {
				"method": "POST",
				"header": [
					{
						"key": "X-API-Key",
						"value": "{{x-api-key}}",
						"type": "default"
					},
					{
						"key": "Authorization",
						"value": "{{Authorization}}",
						"type": "default"
					},
					{
						"key": "x-gw-ims-user-id",
						"value": "abc",
						"type": "default",
						"disabled": true
					}
				],
				"body": {
					"mode": "raw",
					"raw": "{\n    \"mediaType\":\"application/vnd.openxmlformats-officedocument.wordprocessingml.document\"\n}",
					"options": {
						"raw": {
							"language": "json"
						}
					}
				},
				"url": {
					"raw": "https://pdf-services.adobe.io/assets",
					"protocol": "https",
					"host": [
						"pdf-services",
						"adobe",
						"io"
					],
					"path": [
						"assets"
					]
				}
			},
			"response": []
		},
		{
			"name": "Upload Document",
			"request": {
				"method": "PUT",
				"header": [],
				"body": {
					"mode": "file",
					"file": {
						"src": "/Users/amitsingh/Downloads/response.docx"
					}
				},
				"url": {
					"raw": "{{UploadLink}}",
					"host": [
						"{{UploadLink}}"
					]
				}
			},
			"response": []
		},
		{
			"name": "Document Generation",
			"event": [
				{
					"listen": "test",
					"script": {
						"exec": [
							"var link = pm.response.headers.get(\"location\"); ",
							"pm.collectionVariables.set(\"StatusUrl\", link);",
							""
						],
						"type": "text/javascript"
					}
				}
			],
			"request": {
				"method": "POST",
				"header": [
					{
						"key": "Authorization",
						"value": "{{Authorization}}"
					},
					{
						"key": "x-api-key",
						"value": "{{x-api-key}}"
					}
				],
				"body": {
					"mode": "raw",
					"raw": "{\n  \"assetID\": \"{{assetId}}\",\n  \"outputFormat\": \"pdf\",\n  \"jsonDataForMerge\": {\n    \"customerName\": \"Kane Miller\",\n    \"customerVisits\": 100,\n    \"itemsBought\": [],\n    \"totalAmount\": 300,\n    \"previousBalance\": 50,\n    \"lastThreeBillings\": [\n      100,\n      200,\n      300\n    ],\n    \"photograph\": \"data:image/png;base64,iVBORw0KGgoAAAANSUhEUgAAAAEAAAABCAQAAAC1HAwCAAAAC0lEQVR42mP88h8AAu0B9XNPCQQAAAAASUVORK5CYII=\"\n  }\n}",
					"options": {
						"raw": {
							"language": "json"
						}
					}
				},
				"url": {
					"raw": "https://pdf-services.adobe.io/operation/documentgeneration",
					"protocol": "https",
					"host": [
						"pdf-services",
						"adobe",
						"io"
					],
					"path": [
						"operation",
						"documentgeneration"
					]
				}
			},
			"response": []
		},
		{
			"name": "Check Status",
			"event": [
				{
					"listen": "test",
					"script": {
						"exec": [
							"var responseCode = pm.response.code;",
							"if (responseCode == 200) {",
							"    pm.collectionVariables.set(\"DownloadUrl\", pm.response.json().asset.downloadUri)",
							"}"
						],
						"type": "text/javascript"
					}
				},
				{
					"listen": "prerequest",
					"script": {
						"exec": [
							""
						],
						"type": "text/javascript"
					}
				}
			],
			"request": {
				"method": "GET",
				"header": [
					{
						"key": "Authorization",
						"value": "{{Authorization}}"
					},
					{
						"key": "x-api-key",
						"value": "{{x-api-key}}"
					},
					{
						"key": "Content-Type",
						"value": "application/json"
					}
				],
				"url": {
					"raw": "{{StatusUrl}}",
					"host": [
						"{{StatusUrl}}"
					]
				}
			},
			"response": []
		},
		{
			"name": "Download Document",
			"request": {
				"method": "GET",
				"header": [],
				"url": {
					"raw": "{{DownloadUrl}}",
					"host": [
						"{{DownloadUrl}}"
					]
				}
			},
			"response": []
		}
	],
	"variable": [
		{
			"key": "Authorization",
			"value": ""
		},
		{
			"key": "UploadLink",
			"value": ""
		},
		{
			"key": "assetId",
			"value": ""
		},
		{
			"key": "asset_id",
			"value": ""
		},
		{
			"key": "StatusUrl",
			"value": ""
		},
		{
			"key": "DownloadUrl",
			"value": ""
		}
	]
}