{
	"info": {
		"_postman_id": "301b8fd5-2ee9-497d-a94f-24e49fca9747",
		"name": "Electronic Seal",
		"schema": "https://schema.getpostman.com/json/collection/v2.1.0/collection.json",
		"_exporter_id": "24281872"
	},
	"item": [
		{
			"name": "Get AccesssToken",
			"event": [
				{
					"listen": "test",
					"script": {
						"exec": [
							"const response = pm.response.json();",
							"const accessToken = \"bearer \" + response.access_token;",
							"pm.collectionVariables.set(\"Authorization\", accessToken);"
						],
						"type": "text/javascript"
					}
				}
			],
			"request": {
				"method": "POST",
				"header": [],
				"body": {
					"mode": "formdata",
					"formdata": [
						{
							"key": "client_id",
							"value": "{{client_id}}",
							"type": "text"
						},
						{
							"key": "client_secret",
							"value": "{{client_secret}}",
							"type": "text"
						},
						{
							"key": "jwt_token",
							"value": "{{jwt_token}}",
							"type": "text"
						}
					]
				},
				"url": {
					"raw": "{{IdentityURL}}/ims/exchange/jwt/",
					"host": [
						"{{IdentityURL}}"
					],
					"path": [
						"ims",
						"exchange",
						"jwt",
						""
					]
				}
			},
			"response": []
		},
		{
			"name": "Upload Presigned URL",
			"event": [
				{
					"listen": "prerequest",
					"script": {
						"exec": [
							""
						],
						"type": "text/javascript"
					}
				},
				{
					"listen": "test",
					"script": {
						"exec": [
							"const result = pm.response.json();",
							"const link = result.uploadUri;",
							"const assetId = result.assetID;",
							"pm.collectionVariables.set(\"UploadLink\", link);",
							"pm.collectionVariables.set(\"assetId\", assetId);"
						],
						"type": "text/javascript"
					}
				}
			],
			"request": {
				"method": "POST",
				"header": [
					{
						"key": "X-API-Key",
						"value": "{{x-api-key}}",
						"type": "default"
					},
					{
						"key": "Authorization",
						"value": "{{Authorization}}",
						"type": "default"
					},
					{
						"key": "x-gw-ims-user-id",
						"value": "abc",
						"type": "default",
						"disabled": true
					}
				],
				"body": {
					"mode": "raw",
					"raw": "{\n    \"mediaType\":\"application/pdf\"\n}",
					"options": {
						"raw": {
							"language": "json"
						}
					}
				},
				"url": {
					"raw": "https://pdf-services.adobe.io/assets",
					"protocol": "https",
					"host": [
						"pdf-services",
						"adobe",
						"io"
					],
					"path": [
						"assets"
					]
				}
			},
			"response": []
		},
		{
			"name": "Upload Document",
			"request": {
				"method": "PUT",
				"header": [],
				"body": {
					"mode": "file",
					"file": {
						"src": "/Users/amitsingh/Downloads/train ticket.pdf"
					}
				},
				"url": {
					"raw": "{{UploadLink}}",
					"host": [
						"{{UploadLink}}"
					]
				}
			},
			"response": []
		},
		{
			"name": "Upload Seal Image URL",
			"event": [
				{
					"listen": "prerequest",
					"script": {
						"exec": [
							""
						],
						"type": "text/javascript"
					}
				},
				{
					"listen": "test",
					"script": {
						"exec": [
							"const result = pm.response.json();",
							"const link = result.uploadUri;",
							"const assetId = result.assetID;",
							"pm.collectionVariables.set(\"UploadSealLink\", link);",
							"pm.collectionVariables.set(\"sealAssetId\", assetId);"
						],
						"type": "text/javascript"
					}
				}
			],
			"request": {
				"method": "POST",
				"header": [
					{
						"key": "X-API-Key",
						"value": "{{x-api-key}}",
						"type": "default"
					},
					{
						"key": "Authorization",
						"value": "{{Authorization}}",
						"type": "default"
					},
					{
						"key": "x-gw-ims-user-id",
						"value": "abc",
						"type": "default",
						"disabled": true
					}
				],
				"body": {
					"mode": "raw",
					"raw": "{\n    \"mediaType\":\"image/jpeg\"\n}",
					"options": {
						"raw": {
							"language": "json"
						}
					}
				},
				"url": {
					"raw": "https://pdf-services.adobe.io/assets",
					"protocol": "https",
					"host": [
						"pdf-services",
						"adobe",
						"io"
					],
					"path": [
						"assets"
					]
				}
			},
			"response": []
		},
		{
			"name": "Upload Seal",
			"request": {
				"method": "PUT",
				"header": [],
				"body": {
					"mode": "file",
					"file": {
						"src": ""
					}
				},
				"url": {
					"raw": "{{UploadSealLink}}",
					"host": [
						"{{UploadSealLink}}"
					]
				}
			},
			"response": []
		},
		{
			"name": "Electronic Seal",
			"event": [
				{
					"listen": "test",
					"script": {
						"exec": [
							"var link = pm.response.headers.get(\"location\"); ",
							"pm.collectionVariables.set(\"StatusUrl\", link);",
							""
						],
						"type": "text/javascript"
					}
				}
			],
			"request": {
				"method": "POST",
				"header": [
					{
						"key": "Authorization",
						"value": "{{Authorization}}"
					},
					{
						"key": "x-api-key",
						"value": "{{x-api-key}}"
					},
					{
						"key": "Content-Type",
						"value": "application/json"
					}
				],
				"body": {
					"mode": "raw",
					"raw": "{\n  \"inputDocumentAssetID\": \"{{assetId}}\",\n  \"sealImageAssetID\": \"{{sealAssetId}}\",\n  \"sealOptions\": {\n    \"signatureFormat\": \"PKCS7\",\n    \"cscCredentialOptions\": {\n      \"credentialId\": \"{{ESeal_CSC_Credential_Id}}\",\n      \"providerName\": \"{{ESeal_CSC_Credential_Provider}}\",\n      \"authorizationContext\": {\n        \"tokenType\": \"bearer\",\n        \"accessToken\": \"{{ESeal_CSC_Credential_Token}}\"\n      },\n      \"credentialAuthParameters\": {\n        \"pin\": \"12345678\"\n      }\n    },\n    \"sealFieldOptions\": {\n      \"location\": {\n               \"top\": 300,\n              \"bottom\": 250,\n              \"left\": 300,\n              \"right\": 500\n              },\n      \"fieldName\": \"mytestfield\",\n      \"pageNumber\": 1\n    },\n    \"sealAppearanceOptions\": {\n      \"displayOptions\": [\n        \"NAME\",\n        \"DATE\",\n        \"DISTINGUISHED_NAME\",\n        \"LABELS\",\n        \"SEAL_IMAGE\"\n      ]\n    }\n  }\n}"
				},
				"url": {
					"raw": "https://pdf-services.adobe.io/operation/electronicseal",
					"protocol": "https",
					"host": [
						"pdf-services",
						"adobe",
						"io"
					],
					"path": [
						"operation",
						"electronicseal"
					]
				}
			},
			"response": []
		},
		{
			"name": "Check Status",
			"event": [
				{
					"listen": "prerequest",
					"script": {
						"exec": [
							""
						],
						"type": "text/javascript"
					}
				},
				{
					"listen": "test",
					"script": {
						"exec": [
							"var responseCode = pm.response.code;",
							"if (responseCode == 200) {",
							"    pm.collectionVariables.set(\"DownloadUrl\", pm.response.json().asset.downloadUri)",
							"}"
						],
						"type": "text/javascript"
					}
				}
			],
			"request": {
				"method": "GET",
				"header": [
					{
						"key": "Authorization",
						"value": "{{Authorization}}"
					},
					{
						"key": "x-api-key",
						"value": "{{x-api-key}}"
					},
					{
						"key": "Content-Type",
						"value": "application/json"
					}
				],
				"url": {
					"raw": "{{StatusUrl}}",
					"host": [
						"{{StatusUrl}}"
					]
				}
			},
			"response": []
		},
		{
			"name": "Download Document",
			"request": {
				"method": "GET",
				"header": [],
				"url": {
					"raw": "{{DownloadUrl}}",
					"host": [
						"{{DownloadUrl}}"
					]
				}
			},
			"response": []
		}
	],
	"variable": [
		{
			"key": "Authorization",
			"value": ""
		},
		{
			"key": "UploadLink",
			"value": ""
		},
		{
			"key": "assetId",
			"value": ""
		},
		{
			"key": "asset_id",
			"value": ""
		},
		{
			"key": "StatusUrl",
			"value": ""
		},
		{
			"key": "DownloadUrl",
			"value": ""
		},
		{
			"key": "sealAssetId",
			"value": ""
		},
		{
			"key": "ESeal_CSC_Credential_Token",
			"value": ""
		}
	]
}