{
	"info": {
		"_postman_id": "a2da099d-753b-43cc-bec4-66749f0bd4f0",
		"name": "PDF To Images",
		"schema": "https://schema.getpostman.com/json/collection/v2.1.0/collection.json",
		"_exporter_id": "24281872"
	},
	"item": [
		{
			"name": "Get AccesssToken",
			"event": [
				{
					"listen": "test",
					"script": {
						"exec": [
							"const response = pm.response.json();",
							"const accessToken = \"bearer \" + response.access_token;",
							"pm.collectionVariables.set(\"Authorization\", accessToken);"
						],
						"type": "text/javascript"
					}
				}
			],
			"request": {
				"method": "POST",
				"header": [],
				"body": {
					"mode": "formdata",
					"formdata": [
						{
							"key": "client_id",
							"value": "{{client_id}}",
							"type": "text"
						},
						{
							"key": "client_secret",
							"value": "{{client_secret}}",
							"type": "text"
						},
						{
							"key": "jwt_token",
							"value": "{{jwt_token}}",
							"type": "text"
						}
					]
				},
				"url": {
					"raw": "{{IdentityURL}}/ims/exchange/jwt/",
					"host": [
						"{{IdentityURL}}"
					],
					"path": [
						"ims",
						"exchange",
						"jwt",
						""
					]
				}
			},
			"response": []
		},
		{
			"name": "Upload Presigned URL",
			"event": [
				{
					"listen": "prerequest",
					"script": {
						"exec": [
							""
						],
						"type": "text/javascript"
					}
				},
				{
					"listen": "test",
					"script": {
						"exec": [
							"const result = pm.response.json();",
							"const link = result.uploadUri;",
							"const assetId = result.assetID;",
							"pm.collectionVariables.set(\"UploadLink\", link);",
							"pm.collectionVariables.set(\"assetId\", assetId);"
						],
						"type": "text/javascript"
					}
				}
			],
			"request": {
				"method": "POST",
				"header": [
					{
						"key": "X-API-Key",
						"value": "{{x-api-key}}",
						"type": "default"
					},
					{
						"key": "Authorization",
						"value": "{{Authorization}}",
						"type": "default"
					},
					{
						"key": "x-gw-ims-user-id",
						"value": "abc",
						"type": "default",
						"disabled": true
					}
				],
				"body": {
					"mode": "raw",
					"raw": "{\n    \"mediaType\":\"application/pdf\"\n}",
					"options": {
						"raw": {
							"language": "json"
						}
					}
				},
				"url": {
					"raw": "https://pdf-services.adobe.io/assets",
					"protocol": "https",
					"host": [
						"pdf-services",
						"adobe",
						"io"
					],
					"path": [
						"assets"
					]
				}
			},
			"response": []
		},
		{
			"name": "Upload Document",
			"request": {
				"method": "PUT",
				"header": [],
				"body": {
					"mode": "file",
					"file": {
						"src": "/Users/amitsingh/Downloads/train ticket.pdf"
					}
				},
				"url": {
					"raw": "{{UploadLink}}",
					"host": [
						"{{UploadLink}}"
					]
				}
			},
			"response": []
		},
		{
			"name": "PDF To Images",
			"event": [
				{
					"listen": "test",
					"script": {
						"exec": [
							"var link = pm.response.headers.get(\"location\"); ",
							"pm.collectionVariables.set(\"StatusUrl\", link);",
							""
						],
						"type": "text/javascript"
					}
				}
			],
			"request": {
				"method": "POST",
				"header": [
					{
						"key": "Authorization",
						"value": "{{Authorization}}"
					},
					{
						"key": "x-api-key",
						"value": "{{x-api-key}}"
					},
					{
						"key": "Content-Type",
						"value": "application/json"
					}
				],
				"body": {
					"mode": "raw",
					"raw": "{\n\"assetID\": \"{{assetId}}\",\n\"targetFormat\": \"jpeg\",\n\"outputType\":\"listOfPageImages\"\n}"
				},
				"url": {
					"raw": "https://pdf-services.adobe.io/operation/pdftoimages",
					"protocol": "https",
					"host": [
						"pdf-services",
						"adobe",
						"io"
					],
					"path": [
						"operation",
						"pdftoimages"
					]
				}
			},
			"response": []
		},
		{
			"name": "Check Status",
			"event": [
				{
					"listen": "prerequest",
					"script": {
						"exec": [
							""
						],
						"type": "text/javascript"
					}
				},
				{
					"listen": "test",
					"script": {
						"exec": [
							"var responseCode = pm.response.code;",
							"if (responseCode == 200) {",
							"    var response = pm.response.json();",
							"    const downloadLink = \"DownloadUrl\";",
							"    var link;",
							"    for (let i=0; i<response.assetList.length; i++) {",
							"        link = downloadLink + i;",
							"        pm.collectionVariables.set(link, response.assetList[i].downloadUri);",
							"        pm.sendRequest( response.assetList[i].downloadUri);",
							"    }",
							"}"
						],
						"type": "text/javascript"
					}
				}
			],
			"request": {
				"method": "GET",
				"header": [
					{
						"key": "Authorization",
						"value": "{{Authorization}}"
					},
					{
						"key": "x-api-key",
						"value": "{{x-api-key}}"
					},
					{
						"key": "Content-Type",
						"value": "application/json"
					}
				],
				"url": {
					"raw": "{{StatusUrl}}",
					"host": [
						"{{StatusUrl}}"
					]
				}
			},
			"response": []
		},
		{
			"name": "Download Document",
			"request": {
				"method": "GET",
				"header": [],
				"url": {
					"raw": "{{DownloadUrl0}}",
					"host": [
						"{{DownloadUrl0}}"
					]
				}
			},
			"response": []
		}
	],
	"variable": [
		{
			"key": "Authorization",
			"value": ""
		},
		{
			"key": "UploadLink",
			"value": ""
		},
		{
			"key": "assetId",
			"value": ""
		},
		{
			"key": "asset_id",
			"value": ""
		},
		{
			"key": "StatusUrl",
			"value": ""
		},
		{
			"key": "DownloadUrl",
			"value": ""
		},
		{
			"key": "downloadLink0",
			"value": ""
		},
		{
			"key": "downloadLink1",
			"value": ""
		},
		{
			"key": "downloadLink2",
			"value": ""
		},
		{
			"key": "downloadLink3",
			"value": ""
		},
		{
			"key": "downloadLink4",
			"value": ""
		},
		{
			"key": "downloadLink5",
			"value": ""
		},
		{
			"key": "downloadLink6",
			"value": ""
		},
		{
			"key": "downloadLink7",
			"value": ""
		},
		{
			"key": "downloadLink8",
			"value": ""
		},
		{
			"key": "downloadLink9",
			"value": ""
		},
		{
			"key": "DownloadUrl1",
			"value": ""
		},
		{
			"key": "DownloadUrl0",
			"value": ""
		}
	]
}