{
	"id": "a4b82987-9989-4e17-925b-955706ef71cb",
	"name": "Production Environment",
	"values": [
		{
			"key": "PDFServiceURL",
			"value": "https://pdf-services.adobe.io",
			"type": "default",
			"enabled": true
		},
		{
			"key": "IdentityURL",
			"value": "https://ims-na1.adobelogin.com",
			"type": "default",
			"enabled": true
		},
		{
			"key": "client_id",
			"value": "",
			"type": "default",
			"enabled": true
		},
		{
			"key": "x-api-key",
			"value": "",
			"type": "default",
			"enabled": true
		},
		{
			"key": "client_secret",
			"value": "",
			"type": "default",
			"enabled": true
		},
		{
			"key": "jwt_token",
			"value": "",
			"type": "default",
			"enabled": true
		},
		{
			"key": "ESeal_CSC_Credential_Id",
			"value": "",
			"type": "default",
			"enabled": true
		},
		{
			"key": "ESeal_CSC_Credential_Provider",
			"value": "",
			"type": "default",
			"enabled": true
		},
		{
			"key": "ESeal_CSC_Credential_Token",
			"value": "",
			"type": "default",
			"enabled": true
		}
	],
	"_postman_variable_scope": "environment",
	"_postman_exported_at": "2022-11-17T15:49:58.096Z",
	"_postman_exported_using": "Postman/9.31.23"
}