{
	"info": {
		"_postman_id": "ade7f1fa-1d12-4735-8f07-0a0c0f2b218c",
		"name": "Autotag",
		"schema": "https://schema.getpostman.com/json/collection/v2.1.0/collection.json"
	},
	"item": [
		{
			"name": "Get AccesssToken",
			"event": [
				{
					"listen": "test",
					"script": {
						"exec": [
							"const response = pm.response.json();",
							"const accessToken = \"bearer \" + response.access_token;",
							"pm.collectionVariables.set(\"Authorization\", accessToken);"
						],
						"type": "text/javascript"
					}
				}
			],
			"request": {
				"method": "POST",
				"header": [],
				"body": {
					"mode": "formdata",
					"formdata": [
						{
							"key": "client_id",
							"value": "{{placeholder_for_client_id_for_autotag}}",
							"type": "text"
						},
						{
							"key": "client_secret",
							"value": "{{placeholder_for_client_secret_for_autotag}}",
							"type": "text"
						},
						{
							"key": "jwt_token",
							"value": "{{placeholder_for_jwt_token_for_autotag}}",
							"type": "text"
						}
					]
				},
				"url": {
					"raw": "https://ims-na1.adobelogin.com/ims/exchange/jwt/",
					"protocol": "https",
					"host": [
						"ims-na1",
						"adobelogin",
						"com"
					],
					"path": [
						"ims",
						"exchange",
						"jwt",
						""
					]
				}
			},
			"response": []
		},
		{
			"name": "Upload Presigned Url",
			"event": [
				{
					"listen": "prerequest",
					"script": {
						"exec": [
							""
						],
						"type": "text/javascript"
					}
				},
				{
					"listen": "test",
					"script": {
						"exec": [
							"const result = pm.response.json();",
							"const link = result.uploadUri;",
							"const assetId = result.assetID;",
							"pm.collectionVariables.set(\"UploadLink\", link);",
							"pm.collectionVariables.set(\"assetId\", assetId);"
						],
						"type": "text/javascript"
					}
				}
			],
			"request": {
				"method": "POST",
				"header": [
					{
						"key": "X-API-Key",
						"value": "{{placeholder_for_x-api-key_for_autotag}}",
						"type": "default"
					},
					{
						"key": "Authorization",
						"value": "{{Authorization}}",
						"type": "default"
					},
					{
						"key": "x-gw-ims-user-id",
						"value": "abc",
						"type": "default",
						"disabled": true
					}
				],
				"body": {
					"mode": "raw",
					"raw": "{\n    \"mediaType\":\"application/pdf\"\n}",
					"options": {
						"raw": {
							"language": "json"
						}
					}
				},
				"url": {
					"raw": "https://pdf-services.adobe.io/assets",
					"protocol": "https",
					"host": [
						"pdf-services",
						"adobe",
						"io"
					],
					"path": [
						"assets"
					]
				}
			},
			"response": []
		},
		{
			"name": "Upload Document",
			"request": {
				"method": "PUT",
				"header": [],
				"body": {
					"mode": "file",
					"file": {}
				},
				"url": {
					"raw": "{{UploadLink}}",
					"host": [
						"{{UploadLink}}"
					]
				}
			},
			"response": []
		},
		{
			"name": "AutoTag PDF",
			"event": [
				{
					"listen": "test",
					"script": {
						"exec": [
							"var link = pm.response.headers.get(\"location\"); ",
							"pm.collectionVariables.set(\"StatusUrl\", link);",
							""
						],
						"type": "text/javascript"
					}
				}
			],
			"request": {
				"method": "POST",
				"header": [
					{
						"key": "Authorization",
						"value": "{{Authorization}}"
					},
					{
						"key": "x-api-key",
						"value": "{{placeholder_for_x-api-key_for_autotag}}"
					},
					{
						"key": "Content-Type",
						"value": "application/json"
					}
				],
				"body": {
					"mode": "raw",
					"raw": "{\n  \"assetID\": \"{{assetId}}\",\n  \"generateReport\":true,\n   \"shiftHeadings\": true\n}"
				},
				"url": {
					"raw": "https://pdf-services.adobe.io/operation/autotag",
					"protocol": "https",
					"host": [
						"pdf-services",
						"adobe",
						"io"
					],
					"path": [
						"operation",
						"autotag"
					]
				}
			},
			"response": []
		},
		{
			"name": "Check Status",
			"event": [
				{
					"listen": "prerequest",
					"script": {
						"exec": [
							""
						],
						"type": "text/javascript"
					}
				},
				{
					"listen": "test",
					"script": {
						"exec": [
							"var responseCode = pm.response.code;",
							"if (responseCode == 200) {",
							"    pm.collectionVariables.set(\"DownloadPdfUrl\", pm.response.json()['tagged-pdf'].downloadUri);",
							"    pm.collectionVariables.set(\"DownloadExcelUrl\", pm.response.json().report.downloadUri);",
							"}"
						],
						"type": "text/javascript"
					}
				}
			],
			"request": {
				"method": "GET",
				"header": [
					{
						"key": "Authorization",
						"value": "{{Authorization}}"
					},
					{
						"key": "x-api-key",
						"value": "{{placeholder_for_x-api-key_for_autotag}}"
					},
					{
						"key": "Content-Type",
						"value": "application/json"
					}
				],
				"url": {
					"raw": "{{StatusUrl}}",
					"host": [
						"{{StatusUrl}}"
					]
				}
			},
			"response": []
		},
		{
			"name": "Download Tagged Pdf",
			"request": {
				"method": "GET",
				"header": [],
				"url": {
					"raw": "{{DownloadPdfUrl}}",
					"host": [
						"{{DownloadPdfUrl}}"
					]
				}
			},
			"response": []
		},
		{
			"name": "Download Excel Report",
			"request": {
				"method": "GET",
				"header": [],
				"url": {
					"raw": "{{DownloadPdfUrl}}",
					"host": [
						"{{DownloadPdfUrl}}"
					]
				}
			},
			"response": []
		}
	],
	"event": [
		{
			"listen": "prerequest",
			"script": {
				"type": "text/javascript",
				"exec": [
					""
				]
			}
		},
		{
			"listen": "test",
			"script": {
				"type": "text/javascript",
				"exec": [
					""
				]
			}
		}
	],
	"variable": [
		{
			"key": "Authorization",
			"value": ""
		},
		{
			"key": "UploadLink",
			"value": ""
		},
		{
			"key": "assetId",
			"value": ""
		},
		{
			"key": "asset_id",
			"value": ""
		},
		{
			"key": "StatusUrl",
			"value": ""
		},
		{
			"key": "DownloadUrl",
			"value": ""
		},
		{
			"key": "downloadLink0",
			"value": ""
		},
		{
			"key": "downloadLink1",
			"value": ""
		},
		{
			"key": "downloadLink2",
			"value": ""
		},
		{
			"key": "downloadLink3",
			"value": ""
		},
		{
			"key": "downloadLink4",
			"value": ""
		},
		{
			"key": "downloadLink5",
			"value": ""
		},
		{
			"key": "downloadLink6",
			"value": ""
		},
		{
			"key": "downloadLink7",
			"value": ""
		},
		{
			"key": "downloadLink8",
			"value": ""
		},
		{
			"key": "downloadLink9",
			"value": ""
		},
		{
			"key": "DownloadPdfUrl",
			"value": ""
		},
		{
			"key": "DownloadExcelUrl",
			"value": ""
		}
	]
}