{
	"info": {
		"_postman_id": "fcb18770-ded0-4aa0-93b4-3c88f66e62e2",
		"name": "Electronic Seal",
		"schema": "https://schema.getpostman.com/json/collection/v2.1.0/collection.json"
	},
	"item": [
		{
			"name": "Get AccesssToken",
			"event": [
				{
					"listen": "test",
					"script": {
						"exec": [
							"const response = pm.response.json();",
							"const accessToken = \"bearer \" + response.access_token;",
							"pm.collectionVariables.set(\"Authorization\", accessToken);"
						],
						"type": "text/javascript"
					}
				}
			],
			"request": {
				"method": "POST",
				"header": [],
				"body": {
					"mode": "formdata",
					"formdata": [
						{
							"key": "client_id",
							"value": "{{placeholder_for_client_id_for_electronic_seal}}",
							"type": "text"
						},
						{
							"key": "client_secret",
							"value": "{{placeholder_for_client_secret_for_electronic_seal}}",
							"type": "text"
						},
						{
							"key": "jwt_token",
							"value": "{{placeholder_for_jwt_token_for_electronic_seal}}",
							"type": "text"
						}
					]
				},
				"url": {
					"raw": "{{IdentityUrl}}/ims/exchange/jwt/",
					"host": [
						"{{IdentityUrl}}"
					],
					"path": [
						"ims",
						"exchange",
						"jwt",
						""
					]
				}
			},
			"response": []
		},
		{
			"name": "Upload Presigned Url",
			"event": [
				{
					"listen": "prerequest",
					"script": {
						"exec": [
							""
						],
						"type": "text/javascript"
					}
				},
				{
					"listen": "test",
					"script": {
						"exec": [
							"const result = pm.response.json();",
							"const link = result.uploadUri;",
							"const assetId = result.assetID;",
							"pm.collectionVariables.set(\"UploadLink\", link);",
							"pm.collectionVariables.set(\"assetId\", assetId);"
						],
						"type": "text/javascript"
					}
				}
			],
			"request": {
				"method": "POST",
				"header": [
					{
						"key": "X-API-Key",
						"value": "{{placeholder_for_x-api-key_for_electronic_seal}}",
						"type": "default"
					},
					{
						"key": "Authorization",
						"value": "{{Authorization}}",
						"type": "default"
					},
					{
						"key": "x-gw-ims-user-id",
						"value": "abc",
						"type": "default",
						"disabled": true
					}
				],
				"body": {
					"mode": "raw",
					"raw": "{\n    \"mediaType\":\"application/pdf\"\n}",
					"options": {
						"raw": {
							"language": "json"
						}
					}
				},
				"url": {
					"raw": "https://pdf-services.adobe.io/assets",
					"protocol": "https",
					"host": [
						"pdf-services",
						"adobe",
						"io"
					],
					"path": [
						"assets"
					]
				}
			},
			"response": []
		},
		{
			"name": "Upload Document",
			"request": {
				"method": "PUT",
				"header": [],
				"body": {
					"mode": "file",
					"file": {}
				},
				"url": {
					"raw": "{{UploadLink}}",
					"host": [
						"{{UploadLink}}"
					]
				}
			},
			"response": []
		},
		{
			"name": "Upload Seal Image Url",
			"event": [
				{
					"listen": "prerequest",
					"script": {
						"exec": [
							""
						],
						"type": "text/javascript"
					}
				},
				{
					"listen": "test",
					"script": {
						"exec": [
							"const result = pm.response.json();",
							"const link = result.uploadUri;",
							"const assetId = result.assetID;",
							"pm.collectionVariables.set(\"UploadLink\", link);",
							"pm.collectionVariables.set(\"sealAssetId\", assetId);"
						],
						"type": "text/javascript"
					}
				}
			],
			"request": {
				"method": "POST",
				"header": [
					{
						"key": "X-API-Key",
						"value": "{{placeholder_for_x-api-key_for_electronic_seal}}",
						"type": "default"
					},
					{
						"key": "Authorization",
						"value": "{{Authorization}}",
						"type": "default"
					},
					{
						"key": "x-gw-ims-user-id",
						"value": "abc",
						"type": "default",
						"disabled": true
					}
				],
				"body": {
					"mode": "raw",
					"raw": "{\n    \"mediaType\":\"image/jpeg\"\n}",
					"options": {
						"raw": {
							"language": "json"
						}
					}
				},
				"url": {
					"raw": "https://pdf-services.adobe.io/assets",
					"protocol": "https",
					"host": [
						"pdf-services",
						"adobe",
						"io"
					],
					"path": [
						"assets"
					]
				}
			},
			"response": []
		},
		{
			"name": "Upload Seal",
			"request": {
				"method": "PUT",
				"header": [],
				"body": {
					"mode": "file",
					"file": {}
				},
				"url": {
					"raw": "{{UploadLink}}",
					"host": [
						"{{UploadLink}}"
					]
				}
			},
			"response": []
		},
		{
			"name": "Electronic SEAL",
			"event": [
				{
					"listen": "test",
					"script": {
						"exec": [
							"var link = pm.response.headers.get(\"location\"); ",
							"pm.collectionVariables.set(\"StatusUrl\", link);",
							""
						],
						"type": "text/javascript"
					}
				}
			],
			"request": {
				"method": "POST",
				"header": [
					{
						"key": "Authorization",
						"value": "{{Authorization}}"
					},
					{
						"key": "x-api-key",
						"value": "{{placeholder_for_x-api-key_for_electronic_seal}}"
					},
					{
						"key": "Content-Type",
						"value": "application/json"
					}
				],
				"body": {
					"mode": "raw",
					"raw": "{\n  \"inputDocumentAssetID\": \"{{assetId}}\",\n  \"sealImageAssetID\": {{sealAssetId}},\n  \"sealOptions\": {\n    \"signatureFormat\": \"PKCS7\",\n    \"cscCredentialOptions\": {\n      \"credentialId\": \"[ADOBE_TEST]_AUTO_12834_SIGN_1647837397700:44\",\n      \"providerName\": \"intesi\",\n      \"authorizationContext\": {\n        \"tokenType\": \"bearer\",\n        \"accessToken\": \"7f8b7255-1bb7-4293-a779-8ad17f561dc8\"\n      },\n      \"credentialAuthParameters\": {\n        \"pin\": \"12345678\"\n      }\n    },\n    \"sealFieldOptions\": {\n      \"location\": {\n               \"top\": 300,\n              \"bottom\": 250,\n              \"left\": 300,\n              \"right\": 500\n              },\n      \"fieldName\": \"mytestfield\",\n      \"pageNumber\": 1\n    },\n    \"sealAppearanceOptions\": {\n      \"displayOptions\": [\n        \"NAME\",\n        \"DATE\",\n        \"DISTINGUISHED_NAME\",\n        \"LABELS\",\n        \"SEAL_IMAGE\"\n      ]\n    }\n  }\n}"
				},
				"url": {
					"raw": "https://pdf-services.adobe.io/operation/electronicseal",
					"protocol": "https",
					"host": [
						"pdf-services",
						"adobe",
						"io"
					],
					"path": [
						"operation",
						"electronicseal"
					]
				}
			},
			"response": []
		},
		{
			"name": "Check Status",
			"event": [
				{
					"listen": "prerequest",
					"script": {
						"exec": [
							""
						],
						"type": "text/javascript"
					}
				},
				{
					"listen": "test",
					"script": {
						"exec": [
							"var responseCode = pm.response.code;",
							"if (responseCode == 200) {",
							"    pm.collectionVariables.set(\"DownloadUrl\", pm.response.json().asset.downloadUri)",
							"}"
						],
						"type": "text/javascript"
					}
				}
			],
			"request": {
				"method": "GET",
				"header": [
					{
						"key": "Authorization",
						"value": "{{Authorization}}"
					},
					{
						"key": "x-api-key",
						"value": "{{x-api-key}}"
					},
					{
						"key": "Content-Type",
						"value": "application/json"
					}
				],
				"url": {
					"raw": "{{StatusUrl}}",
					"host": [
						"{{StatusUrl}}"
					]
				}
			},
			"response": []
		},
		{
			"name": "Download Document",
			"request": {
				"method": "GET",
				"header": [],
				"url": {
					"raw": "{{DownloadUrl}}",
					"host": [
						"{{DownloadUrl}}"
					]
				}
			},
			"response": []
		}
	],
	"variable": [
		{
			"key": "Authorization",
			"value": ""
		},
		{
			"key": "UploadLink",
			"value": ""
		},
		{
			"key": "assetId",
			"value": ""
		},
		{
			"key": "asset_id",
			"value": ""
		},
		{
			"key": "StatusUrl",
			"value": ""
		},
		{
			"key": "DownloadUrl",
			"value": ""
		},
		{
			"key": "sealAssetId",
			"value": ""
		}
	]
}