{
	"info": {
		"_postman_id": "527764f6-7efd-4294-bd63-8bafc15f8a6c",
		"name": "Extract PDF with External Storage",
		"schema": "https://schema.getpostman.com/json/collection/v2.0.0/collection.json",
		"_exporter_id": "32543879"
	},
	"item": [
		{
			"name": "Get AccesssToken",
			"event": [
				{
					"listen": "test",
					"script": {
						"exec": [
							"const response = pm.response.json();",
							"const accessToken = \"bearer \" + response.access_token;",
							"pm.collectionVariables.set(\"Authorization\", accessToken);"
						],
						"type": "text/javascript"
					}
				}
			],
			"request": {
				"method": "POST",
				"header": [],
				"body": {
					"mode": "urlencoded",
					"urlencoded": [
						{
							"key": "client_id",
							"value": "{{CLIENT_ID}}",
							"type": "text"
						},
						{
							"key": "client_secret",
							"value": "{{CLIENT_SECRET}}",
							"type": "text"
						}
					]
				},
				"url": "{{PDF_SERVICE_URL}}/token"
			},
			"response": []
		},
		{
			"name": "Extract PDF",
			"event": [
				{
					"listen": "test",
					"script": {
						"exec": [
							"var link = pm.response.headers.get(\"location\"); ",
							"pm.collectionVariables.set(\"StatusUrl\", link);",
							""
						],
						"type": "text/javascript",
						"packages": {}
					}
				}
			],
			"request": {
				"method": "POST",
				"header": [
					{
						"key": "Authorization",
						"value": "{{Authorization}}"
					},
					{
						"key": "x-api-key",
						"value": "{{X_API_KEY}}"
					}
				],
				"body": {
					"mode": "raw",
					"raw": "{\n    \"input\": {\n        \"uri\": \"{{InputSignedUrl}}\",\n        \"storage\": \"S3\"\n    },\n    \"output\": {\n        \"uri\": \"{{OutputSignedUrl}}\",\n        \"storage\": \"S3\"\n    },\n    \"params\": {\n        \"getCharBounds\": false,\n        \"includeStyling\": false,\n        \"elementsToExtract\": [\n            \"text\",\n            \"tables\"\n        ],\n        \"tableOutputFormat\": \"xlsx\",\n        \"renditionsToExtract\": [\n            \"tables\",\n            \"figures\"\n        ],\n        \"includeHeaderFooter\": false,\n        \"tagEncapsulatedText\": [\n            \"Figure\"\n        ]\n    }\n}",
					"options": {
						"raw": {
							"language": "json"
						}
					}
				},
				"url": "{{PDF_SERVICE_URL}}/operation/extractpdf/"
			},
			"response": []
		},
		{
			"name": "Check Status",
			"event": [
				{
					"listen": "test",
					"script": {
						"exec": [
							""
						],
						"type": "text/javascript"
					}
				},
				{
					"listen": "prerequest",
					"script": {
						"exec": [
							""
						],
						"type": "text/javascript"
					}
				}
			],
			"request": {
				"method": "GET",
				"header": [
					{
						"key": "Authorization",
						"value": "{{Authorization}}"
					},
					{
						"key": "x-api-key",
						"value": "{{X_API_KEY}}"
					},
					{
						"key": "Content-Type",
						"value": "application/json"
					}
				],
				"url": "{{StatusUrl}}"
			},
			"response": []
		}
	],
	"event": [
		{
			"listen": "prerequest",
			"script": {
				"type": "text/javascript",
				"exec": [
					""
				]
			}
		},
		{
			"listen": "test",
			"script": {
				"type": "text/javascript",
				"exec": [
					""
				]
			}
		}
	],
	"variable": [
		{
			"key": "Authorization",
			"value": ""
		},
		{
			"key": "StatusUrl",
			"value": "",
			"type": "string"
		}
	]
}