{
	"info": {
		"_postman_id": "fe7f3b26-ea61-4f40-a313-274d189cea47",
		"name": "Get Form (Export PDF Form Data) with External Storage",
		"schema": "https://schema.getpostman.com/json/collection/v2.0.0/collection.json",
		"_exporter_id": "8200826"
	},
	"item": [
		{
			"name": "Get AccesssToken",
			"event": [
				{
					"listen": "test",
					"script": {
						"exec": [
							"const response = pm.response.json();",
							"const accessToken = \"bearer \" + response.access_token;",
							"pm.collectionVariables.set(\"Authorization\", accessToken);"
						],
						"type": "text/javascript"
					}
				}
			],
			"request": {
				"method": "POST",
				"header": [],
				"body": {
					"mode": "urlencoded",
					"urlencoded": [
						{
							"key": "client_id",
							"value": "{{CLIENT_ID}}",
							"type": "text"
						},
						{
							"key": "client_secret",
							"value": "{{CLIENT_SECRET}}",
							"type": "text"
						}
					]
				},
				"url": "{{PDF_SERVICE_URL}}/token"
			},
			"response": []
		},
		{
			"name": "Get Form",
			"event": [
				{
					"listen": "test",
					"script": {
						"exec": [
							"var link = pm.response.headers.get(\"location\"); ",
							"pm.collectionVariables.set(\"StatusUrl\", link);",
							""
						],
						"type": "text/javascript"
					}
				}
			],
			"request": {
				"method": "POST",
				"header": [
					{
						"key": "Authorization",
						"value": "{{Authorization}}"
					},
					{
						"key": "x-api-key",
						"value": "{{X_API_KEY}}"
					},
					{
						"key": "Content-Type",
						"value": "application/json"
					}
				],
				"body": {
					"mode": "raw",
					"raw": "{\n    \"input\": {\n        \"uri\": \"{{InputSignedUrl}}\",\n        \"storage\": \"S3\"\n    },\n    \"output\": {\n        \"uri\": \"{{OutputSignedUrl}}\",\n        \"storage\": \"S3\"\n    }\n}",
					"options": {
						"raw": {
							"language": "json"
						}
					}
				},
				"url": "{{PDF_SERVICE_URL}}/operation/getformdata"
			},
			"response": []
		},
		{
			"name": "Check Status",
			"event": [
				{
					"listen": "test",
					"script": {
						"exec": [
							""
						],
						"type": "text/javascript"
					}
				},
				{
					"listen": "prerequest",
					"script": {
						"exec": [
							""
						],
						"type": "text/javascript"
					}
				}
			],
			"request": {
				"method": "GET",
				"header": [
					{
						"key": "Authorization",
						"value": "{{Authorization}}"
					},
					{
						"key": "x-api-key",
						"value": "{{X_API_KEY}}"
					},
					{
						"key": "Content-Type",
						"value": "application/json"
					}
				],
				"url": "{{StatusUrl}}"
			},
			"response": []
		}
	],
	"variable": [
		{
			"key": "Authorization",
			"value": ""
		},
		{
			"key": "StatusUrl",
			"value": ""
		},
		{
			"key": "InputSignedUrl",
			"value": ""
		},
		{
			"key": "OutputSignedUrl",
			"value": ""
		},
		{
			"key": "PDF_SERVICE_URL",
			"value": ""
		},
		{
			"key": "X_API_KEY",
			"value": ""
		}
	]
}