{
	"info": {
		"_postman_id": "608e0802-12d9-461e-b6a6-1793eb6dfffe",
		"name": "PDF Electronic Seal with External Storage",
		"schema": "https://schema.getpostman.com/json/collection/v2.1.0/collection.json",
		"_exporter_id": "32543879"
	},
	"item": [
		{
			"name": "Get AccesssToken",
			"event": [
				{
					"listen": "test",
					"script": {
						"exec": [
							"const response = pm.response.json();",
							"const accessToken = \"bearer \" + response.access_token;",
							"pm.collectionVariables.set(\"Authorization\", accessToken);"
						],
						"type": "text/javascript"
					}
				}
			],
			"request": {
				"method": "POST",
				"header": [],
				"body": {
					"mode": "urlencoded",
					"urlencoded": [
						{
							"key": "client_id",
							"value": "{{CLIENT_ID}}",
							"type": "text"
						},
						{
							"key": "client_secret",
							"value": "{{CLIENT_SECRET}}",
							"type": "text"
						}
					]
				},
				"url": {
					"raw": "{{PDF_SERVICE_URL}}/token",
					"host": [
						"{{PDF_SERVICE_URL}}"
					],
					"path": [
						"token"
					]
				}
			},
			"response": []
		},
		{
			"name": "Electronic Seal",
			"event": [
				{
					"listen": "test",
					"script": {
						"exec": [
							"var link = pm.response.headers.get(\"location\"); ",
							"pm.collectionVariables.set(\"StatusUrl\", link);",
							""
						],
						"type": "text/javascript",
						"packages": {}
					}
				}
			],
			"request": {
				"method": "POST",
				"header": [
					{
						"key": "Authorization",
						"value": "{{Authorization}}"
					},
					{
						"key": "x-api-key",
						"value": "{{X_API_KEY}}"
					},
					{
						"key": "Content-Type",
						"value": "application/json"
					}
				],
				"body": {
					"mode": "raw",
					"raw": "{\n    \"inputs\": [\n        {\n            \"input\": {\n                \"uri\": \"{{InputDocumentSignedUrl}}\",\n                \"storage\": \"S3\"\n            }\n        },\n        {\n            \"input\": {\n                \"uri\": \"{{InputSealImageSignedUrl}}\",\n                \"storage\": \"S3\"\n            }\n        }\n    ],\n    \"params\": {\n        \"sealOptions\": {\n            \"signatureFormat\": \"PKCS7\",\n            \"documentLevelPermission\": \"FORM_FILLING_AND_ANNOTATIONS\",\n            \"cscCredentialOptions\": {\n                \"credentialId\": \"{{CSC_CREDENTIAL_ID}}\",\n                \"providerName\": \"{{CSC_PROVIDER_NAME}}\",\n                \"authorizationContext\": {\n                    \"accessToken\": \"{{CSC_ACCESS_TOKEN}}\"\n                },\n                \"credentialAuthParameters\": {\n                    \"pin\": \"{{PIN}}\"\n                },\n                \"tsaOptions\": {\n                    \"url\": \"https://time-xxxxxx-abc.com/tsa\",\n                    \"credentialAuthParameters\": {\n                        \"username\": \"abcxxxxxx123\",\n                        \"Password\": \"32@xxxx67\"\n                    }\n                },\n                \"sealFieldOptions\": {\n                    \"location\": {},\n                    \"fieldName\": \"Signature1\",\n                    \"pageNumber\": 1\n                },\n                \"sealAppearanceOptions\": {\n                    \"displayOptions\": []\n                }\n            }\n        },\n        \"output\": {\n            \"uri\": \"{{OutputSignedUrl}}\",\n            \"storage\": \"S3\"\n        }\n    }"
				},
				"url": {
					"raw": "{{PDF_SERVICE_URL}}/operation/electronicseal/",
					"host": [
						"{{PDF_SERVICE_URL}}"
					],
					"path": [
						"operation",
						"electronicseal",
						""
					]
				}
			},
			"response": []
		},
		{
			"name": "Check Status",
			"event": [
				{
					"listen": "prerequest",
					"script": {
						"exec": [
							""
						],
						"type": "text/javascript"
					}
				},
				{
					"listen": "test",
					"script": {
						"exec": [
							""
						],
						"type": "text/javascript"
					}
				}
			],
			"request": {
				"method": "GET",
				"header": [
					{
						"key": "Authorization",
						"value": "{{Authorization}}"
					},
					{
						"key": "x-api-key",
						"value": "{{X_API_KEY}}"
					},
					{
						"key": "Content-Type",
						"value": "application/json"
					}
				],
				"url": {
					"raw": "{{StatusUrl}}",
					"host": [
						"{{StatusUrl}}"
					]
				}
			},
			"response": []
		}
	],
	"event": [
		{
			"listen": "prerequest",
			"script": {
				"type": "text/javascript",
				"exec": [
					""
				]
			}
		},
		{
			"listen": "test",
			"script": {
				"type": "text/javascript",
				"exec": [
					""
				]
			}
		}
	],
	"variable": [
		{
			"key": "Authorization",
			"value": ""
		},
		{
			"key": "StatusUrl",
			"value": "",
			"type": "string"
		}
	]
}