{
	"info": {
		"_postman_id": "00cefc47-0dd5-4205-8fa9-12010a2cd0ad",
		"name": "Set Form (Import PDF Form Data) with External Storage",
		"schema": "https://schema.getpostman.com/json/collection/v2.0.0/collection.json",
		"_exporter_id": "8200826"
	},
	"item": [
		{
			"name": "Get AccesssToken",
			"event": [
				{
					"listen": "test",
					"script": {
						"exec": [
							"const response = pm.response.json();",
							"const accessToken = \"bearer \" + response.access_token;",
							"pm.collectionVariables.set(\"Authorization\", accessToken);"
						],
						"type": "text/javascript"
					}
				}
			],
			"request": {
				"method": "POST",
				"header": [],
				"body": {
					"mode": "urlencoded",
					"urlencoded": [
						{
							"key": "client_id",
							"value": "{{CLIENT_ID}}",
							"type": "text"
						},
						{
							"key": "client_secret",
							"value": "{{CLIENT_SECRET}}",
							"type": "text"
						}
					]
				},
				"url": "{{PDF_SERVICE_URL}}/token"
			},
			"response": []
		},
		{
			"name": "Set Form (External Storage)",
			"event": [
				{
					"listen": "test",
					"script": {
						"exec": [
							"var link = pm.response.headers.get(\"location\"); ",
							"pm.collectionVariables.set(\"StatusUrl\", link);",
							""
						],
						"type": "text/javascript"
					}
				}
			],
			"request": {
				"method": "POST",
				"header": [
					{
						"key": "Authorization",
						"value": "{{Authorization}}"
					},
					{
						"key": "x-api-key",
						"value": "{{X_API_KEY}}"
					},
					{
						"key": "Content-Type",
						"value": "application/json"
					}
				],
				"body": {
					"mode": "raw",
					"raw": "{\n  \"input\": {\n    \"uri\": \"{{InputSignedUrl}}\",\n    \"storage\": \"S3\"\n  },\n  \"output\": {\n    \"uri\": \"{{OutputSignedUrl}}\",\n    \"storage\": \"S3\"\n  },\n  \"jsonFormFieldsData\": {\n    \"topmostSubform[0]\": {\n      \"Page1[0]\": {\n        \"f1_01[0]\": \"Test Value\",\n        \"f1_02[0]\": \"Test Value\"\n      }\n    }\n  },\n  \"notifiers\": [\n    {\n      \"type\": \"CALLBACK\",\n      \"data\": {\n        \"url\": \"https://example-callback-url.com\",\n        \"headers\": {\n          \"x-api\": \"callback-header\"\n        }\n      }\n    }\n  ]\n}",
					"options": {
						"raw": {
							"language": "json"
						}
					}
				},
				"url": "{{PDF_SERVICE_URL}}/operation/setformdata"
			},
			"response": []
		},
		{
			"name": "Check Status",
			"event": [
				{
					"listen": "test",
					"script": {
						"exec": [
							"var responseCode = pm.response.code;",
							"var status = pm.response.json().status;",
							"if (responseCode == 200 && status == 'done') {",
							"    pm.collectionVariables.set(\"DownloadPDFUri\", pm.response.json().asset.downloadUri);",
							"}"
						],
						"type": "text/javascript"
					}
				}
			],
			"request": {
				"method": "GET",
				"header": [
					{
						"key": "Authorization",
						"value": "{{Authorization}}"
					},
					{
						"key": "x-api-key",
						"value": "{{X_API_KEY}}"
					},
					{
						"key": "Content-Type",
						"value": "application/json"
					}
				],
				"url": "{{StatusUrl}}"
			},
			"response": []
		}
	],
	"variable": [
		{
			"key": "Authorization",
			"value": ""
		},
		{
			"key": "InputSignedUrl",
			"value": ""
		},
		{
			"key": "OutputSignedUrl",
			"value": ""
		},
		{
			"key": "StatusUrl",
			"value": ""
		},
		{
			"key": "PDF_SERVICE_URL",
			"value": ""
		},
		{
			"key": "X_API_KEY",
			"value": ""
		}
	]
}