{
	"id": "e064b8bc-9692-442b-be40-6b9abf7f05d9",
	"name": "Acrobat Services Environment",
	"values": [
		{
			"key": "PDF_SERVICE_URL",
			"value": "https://pdf-services.adobe.io",
			"type": "default",
			"enabled": true
		},
		{
			"key": "CLIENT_ID",
			"value": "",
			"type": "default",
			"enabled": true
		},
		{
			"key": "X_API_KEY",
			"value": "",
			"type": "default",
			"enabled": true
		},
		{
			"key": "CLIENT_SECRET",
			"value": "",
			"type": "default",
			"enabled": true
		},
		{
			"key": "CSC_CREDENTIAL_ID",
			"value": "",
			"type": "default",
			"enabled": true
		},
		{
			"key": "PIN",
			"value": "",
			"type": "default",
			"enabled": true
		},
		{
			"key": "CSC_ACCESS_TOKEN",
			"value": "",
			"type": "default",
			"enabled": true
		},
		{
			"key": "CSC_PROVIDER_NAME",
			"value": "",
			"type": "default",
			"enabled": true
		}
	],
	"_postman_variable_scope": "environment",
	"_postman_exported_at": "2023-06-19T06:44:34.519Z",
	"_postman_exported_using": "Postman/10.13.0"
}